Feature,Coefficient
Feature_4,77.85080016181905
Feature_7,71.86388974007286
Feature_10,59.5941537601916
Feature_1,34.29752658079856
Feature_2,32.28945743486514
Feature_3,29.715757657146245
Feature_6,10.417508043961252
Feature_8,9.308093797920224
Feature_5,7.187021492971136
Feature_9,5.403588493374694
