Feature,Coefficient
X1,0.8872839382702743
X2,0.5328952860698699
X3,0.0018778042704662502
X4,0.006409843273334361
X5,-0.012614758406249238
X6,0.5058476592779985
X7,-0.02541280394302886
X8,0.007431981489676151
X9,0.002810694083399916
X10,0.4948536417215518
